ID,salary_average,Usage
1,84394.0,Public
2,88531.0,Public
3,90916.0,Public
4,68982.0,Public
5,58261.0,Public
6,71910.0,Public
7,58415.0,Public
8,69885.0,Public
9,89107.0,Public
10,88548.0,Private
11,90788.0,Private
12,91129.0,Private
13,72377.0,Private
14,61128.0,Private
15,72023.0,Private
16,58507.0,Private
17,73679.0,Private
18,94580.0,Private
19,33239.21693293560,Private
20,39435.67370290770,Private
21,30499.412277718700,Private
22,27171.042532692200,Private
23,22948.321570883000,Private
24,23897.75054423390,Private
25,19411.771849764100,Private
26,28339.38815873230,Private
27,39235.30221888580,Private
28,24943.637583851500,Private
29,25266.47424195440,Private
30,25388.91787327260,Private
31,20389.905992620600,Private
32,17221.12789454230,Private
33,18292.25622039730,Private
34,14858.540292640600,Private
35,24917.27897324580,Private
36,31739.202800191900,Private
37,94077.0,Private
38,101470.0,Private
39,101829.0,Private
40,76896.0,Private
41,64945.0,Private
42,80283.0,Private
43,65214.0,Private
44,77369.0,Private
45,96928.0,Private
46,45044.96241699460,Private
47,47886.38602896260,Private
48,49078.02256678240,Private
49,36821.57174121900,Private
50,31099.138067530600,Private
51,38923.89401107590,Private
52,31619.07096362580,Private
53,34854.53493822590,Private
54,43371.15529793980,Private
55,66332.61845796310,Private
56,72550.50200144810,Private
57,75628.37993745550,Private
58,54217.72252129170,Private
59,45791.74844238090,Private
60,59632.3318183573,Private
61,48441.31090213550,Private
62,53491.92513576450,Private
63,65465.0237987276,Private
64,52341.78398552460,Public
65,52742.48999184180,Public
66,56497.210412551400,Public
67,42780.91531001500,Public
68,36131.29843550360,Public
69,41092.80983150670,Public
70,33381.26362830060,Public
71,37279.677456523400,Public
72,52116.313842028300,Public
73,17900.42777137450,Public
74,21064.64916568230,Public
75,18078.766022774600,Public
76,14631.944560554400,Public
77,12357.925478136500,Public
78,13863.530467304000,Public
79,11261.835604252700,Public
80,14136.050427321800,Public
81,18754.965225999900,Public
82,79601.47480594760,Private
83,85407.62306074750,Private
84,95757.0531189513,Private
85,65066.24410449460,Private
86,54953.96658064180,Private
87,76742.79376379560,Private
88,62337.23760083010,Private
89,55567.29210051510,Private
90,66914.39833771270,Private
91,59718.20468059970,Public
92,63824.73432430780,Public
93,70056.77454322030,Public
94,48813.82228239420,Public
95,41227.34298665190,Public
96,56047.85033281980,Public
97,45529.67887775810,Public
98,44639.77324303150,Public
99,53365.97993742210,Public
100,102441.0,Private
101,111513.0,Private
102,112368.0,Private
103,83733.0,Private
104,70719.0,Private
105,89010.0,Private
106,72303.0,Private
107,83707.0,Private
108,105347.0,Private
109,24793.0,Private
110,26280.0,Private
111,24681.0,Private
112,20261.0,Private
113,17112.0,Private
114,17833.0,Private
115,14487.0,Private
116,29613.0,Private
117,40355.0,Private
118,60076.05747756860,Private
119,64205.54371579930,Private
120,69296.50614815030,Private
121,49108.20684744790,Private
122,41475.81436266060,Private
123,55438.82538401600,Private
124,45035.43690156700,Private
125,45783.55180541920,Private
126,55216.01137835610,Private
127,64374.64656589470,Private
128,65741.48629589790,Private
129,71690.15971912560,Private
130,52616.32017061070,Private
131,44438.64657230090,Private
132,54865.1804101459,Private
133,44567.15287170290,Private
134,49012.30259192700,Private
135,63337.25025799490,Private
136,64374.64656589470,Public
137,65741.48629589790,Public
138,71690.15971912560,Public
139,52616.32017061070,Public
140,44438.64657230090,Public
141,54862.84393197500,Public
142,44567.15287170290,Public
143,49012.30259192700,Public
144,63337.25025799490,Public
145,19958.26796962920,Public
146,23026.62755849500,Public
147,20751.59089399100,Public
148,16313.143618422300,Public
149,13777.76677417910,Public
150,14225.718327364900,Public
151,11555.557998823,Public
152,23133.54975879100,Public
153,31750.104130189200,Public
154,81183.0,Private
155,84048.0,Private
156,88347.0,Private
157,66357.0,Private
158,56044.0,Private
159,70085.0,Private
160,56933.0,Private
161,67652.0,Private
162,86619.0,Private
163,13102.5824794943,Private
164,14617.836792433200,Private
165,14416.946791952700,Private
166,10709.625985194200,Private
167,9045.116403884280,Private
168,8852.611530840360,Private
169,7191.014678008390,Private
170,12915.956022105900,Private
171,18639.46748131430,Private
172,21244.03811491940,Public
173,23975.55610142900,Public
174,23886.08130372820,Public
175,17376.559165847900,Public
176,14677.325900158200,Public
177,18919.7688210376,Public
178,15367.757715406000,Public
179,19488.671722913400,Public
180,23644.40710787660,Public
181,24240.351001561700,Public
182,27413.926223557500,Public
183,26426.30300039680,Public
184,19812.46357794350,Public
185,16733.138933809800,Public
186,18202.88102768830,Public
187,14786.47474293030,Public
188,19629.63162991040,Public
189,27911.871632412500,Public
190,22683.96994874790,Private
191,26172.78164165400,Private
192,23584.576908262900,Private
193,18540.96083406470,Private
194,15659.308031502500,Private
195,16170.39976726580,Private
196,13135.328985260300,Private
197,26294.358153665700,Private
198,36087.78039803390,Private
199,71757.917586083,Public
200,76720.59722117160,Public
201,86777.96750800720,Public
202,58652.61152524880,Public
203,49536.84194130430,Public
204,69995.0448061045,Public
205,56860.53276813350,Public
206,53824.27938498960,Public
207,64750.81955141700,Public
208,79995.0,Public
209,82641.0,Public
210,84015.0,Public
211,65386.0,Public
212,55224.0,Public
213,66387.0,Public
214,53929.0,Public
215,66896.0,Public
216,86791.0,Public
217,77629.0,Public
218,81092.0,Public
219,84128.0,Public
220,63452.0,Public
221,53590.0,Public
222,66799.0,Public
223,54261.0,Public
224,64811.0,Public
225,84021.0,Public
226,84084.0,Public
227,89051.0,Public
228,89320.0,Public
229,68728.0,Public
230,58046.0,Public
231,70057.0,Public
232,56910.0,Public
233,72162.0,Public
234,93404.0,Public
235,92506.0,Private
236,97938.0,Private
237,96937.0,Private
238,75612.0,Private
239,63861.0,Private
240,75744.0,Private
241,61530.0,Private
242,78312.0,Private
243,100142.0,Private
244,8678.855979177740,Public
245,9517.040737574110,Public
246,8956.411877391180,Public
247,7100.105000703460,Public
248,5997.362052763610,Public
249,6769.134054546580,Public
250,5497.212902356120,Public
251,8196.361432789570,Public
252,12243.467887396800,Public
253,101155.0,Public
254,104139.0,Public
255,108586.0,Public
256,82681.0,Public
257,69831.0,Public
258,85836.0,Public
259,69724.0,Public
260,83057.0,Public
261,105666.0,Public
262,54587.13950780340,Public
263,55749.53739784880,Public
264,60788.15257349310,Public
265,44617.38715237830,Public
266,37682.71994101150,Public
267,46522.78510078440,Public
268,37792.53441504600,Public
269,41556.60074843940,Public
270,53707.45547644230,Public
271,97603.0,Private
272,102884.0,Private
273,106114.0,Private
274,79779.0,Private
275,67380.0,Private
276,84046.0,Private
277,68274.0,Private
278,80237.0,Private
279,101510.0,Private
280,37886.74445159510,Public
281,43877.85672699410,Public
282,38550.561340261200,Public
283,30991.1267136595,Public
284,26177.355236246600,Public
285,31854.69313794650,Public
286,25874.02169109450,Public
287,31933.54886934020,Public
288,41988.34151865110,Public
289,21755.133846357800,Private
290,24131.6547088779,Private
291,21402.388682415200,Private
292,17783.633257572100,Private
293,15019.847335684900,Private
294,15688.141807259900,Private
295,12743.193333416200,Private
296,23917.63135724590,Private
297,30984.951094606700,Private
298,21703.634176305100,Private
299,24495.57071177750,Private
300,24316.39051122730,Private
301,17752.44555825070,Private
302,14994.86918993650,Private
303,19252.30144548220,Private
304,15635.49029306220,Private
305,19912.985196546000,Private
306,24173.64592417370,Private
307,71222.86408493650,Private
308,78845.62411764660,Private
309,71468.19429288570,Private
310,58208.68067276910,Private
311,49161.83719486760,Private
312,67417.90938355140,Private
313,54767.048326966200,Private
314,57790.45108016990,Private
315,68520.72708023780,Private
316,24477.912474665700,Public
317,24808.746830858400,Public
318,25054.197311670100,Public
319,20009.226827910700,Public
320,16899.586638242600,Public
321,17997.186218338500,Public
322,14618.83463721740,Public
323,24695.765264885900,Public
324,31338.416746622500,Public
325,86317.68130833090,Public
326,91942.75250488250,Public
327,108251.3701380830,Public
328,70551.12661078960,Public
329,59586.0345545416,Public
330,78118.97940648250,Public
331,63456.41064471310,Public
332,69180.78216352990,Public
333,84582.8462664037,Public
334,38144.174379773300,Private
335,42842.83198154500,Private
336,41181.59600200270,Private
337,31184.97414761170,Private
338,26339.118421070400,Private
339,32322.83901686220,Private
340,26256.17344600180,Private
341,28655.736527563,Private
342,37588.092575088200,Private
343,60577.86953810800,Private
344,63567.393357833,Private
345,71676.1408500999,Private
346,49514.645398680300,Private
347,41819.45454267080,Private
348,56800.952574774400,Private
349,46141.93915892030,Private
350,47316.01943982050,Private
351,57476.19476617770,Private
352,45131.09833886830,Public
353,47977.93990372540,Public
354,49170.9581556613,Public
355,36891.97790288330,Public
356,31158.606226314500,Public
357,38999.77938389050,Public
358,31678.92709139800,Public
359,34921.306443052500,Public
360,43454.48695274020,Public
361,82608.0,Public
362,86379.0,Public
363,89329.0,Public
364,67522.0,Public
365,57027.0,Public
366,70461.0,Public
367,57236.0,Public
368,67927.0,Public
369,86228.0,Public
370,62242.61023490680,Public
371,66305.74577418130,Public
372,78064.07216946530,Public
373,50874.47569417070,Public
374,42966.66532460510,Public
375,56332.48870149980,Public
376,45759.92497797070,Public
377,49890.8183842026,Public
378,60998.43560887830,Public
379,30109.963735705300,Public
380,35723.01459812860,Public
381,28076.5487381468,Public
382,24613.064192829900,Public
383,20787.8791398214,Public
384,21757.387092782,Public
385,17673.266865223200,Public
386,25801.907110554900,Public
387,35225.92041542980,Public
388,38391.21702608460,Private
389,39314.01792471420,Private
390,41928.20864896380,Private
391,31382.13041628190,Private
392,26504.990276420400,Private
393,32923.61587129500,Private
394,26743.450031508200,Private
395,28984.019392778700,Private
396,34800.81085979650,Private
397,52182.90346990030,Public
398,53292.73060109950,Public
399,58108.21211141850,Public
400,42651.24077152750,Public
401,36022.65220055470,Public
402,44479.53494029250,Public
403,36132.4666745891,Public
404,39730.64305784540,Public
405,51339.4348501889,Public
406,67985.21451906810,Public
407,74305.42599203320,Public
408,77536.06490847890,Public
409,55568.451190430100,Public
410,46931.97394230290,Public
411,61097.083037487900,Public
412,49629.04579788760,Public
413,54775.409736958700,Public
414,66939.2768970242,Public
415,100823.0,Public
416,103960.0,Public
417,108037.0,Public
418,82410.0,Public
419,69602.0,Public
420,85373.0,Public
421,69348.0,Public
422,82837.0,Public
423,105399.0,Public
424,61808.02529511090,Private
425,65839.61837907760,Private
426,77510.3268429512,Private
427,50518.16277310150,Private
428,42666.42787963860,Private
429,55935.287412439000,Private
430,45438.65922946570,Private
431,49536.84194130430,Private
432,60568.52362542430,Private
433,99859.0,Private
434,103565.0,Private
435,107898.0,Private
436,81622.0,Private
437,68937.0,Private
438,85071.0,Private
439,69106.0,Private
440,81964.0,Private
441,103774.0,Private
442,65222.788141948,Private
443,72254.41919740900,Private
444,80884.20132179670,Private
445,53305.58123103970,Private
446,45020.42963686640,Private
447,60542.82236554390,Private
448,49182.86549840610,Private
449,48076.543084463300,Private
450,56636.23086372270,Private
451,5290.390954239660,Public
452,5997.516285271240,Public
453,5561.20145382248,Public
454,4331.058874759030,Public
455,3658.764802673340,Public
456,4652.400087028380,Public
457,3778.4705987241300,Public
458,3808.163485359050,Public
459,5397.24066462703,Public
460,14520.934296300300,Public
461,17951.83529089600,Public
462,14257.950979032700,Public
463,11873.318961729100,Public
464,10028.48930805910,Public
465,9716.57022411451,Public
466,7892.749521508440,Public
467,15924.506334697000,Public
468,26329.2531884395,Public
469,23810.008542202600,Private
470,27053.02268203740,Private
471,19979.513059353500,Private
472,19460.797239752900,Private
473,16436.100537093900,Private
474,16393.2877571649,Private
475,13316.99379489380,Private
476,28241.11585348700,Private
477,36052.79917416930,Private
478,38583.09453327780,Public
479,39510.50744933880,Public
480,42137.40592357170,Public
481,31538.977515082800,Public
482,26637.460814279300,Public
483,33088.0058127193,Public
484,26876.981304315100,Public
485,29129.19622755930,Public
486,34975.26906485730,Public
487,40607.12980535460,Public
488,47028.78887899020,Public
489,41544.05678811590,Public
490,33216.67174602510,Public
491,28057.253891980500,Public
492,34345.380263674200,Public
493,27892.67346304390,Public
494,34411.04758006130,Public
495,45279.95009738440,Public
496,94790.0,Public
497,99346.0,Public
498,97703.0,Public
499,77479.0,Public
500,65437.0,Public
501,76405.0,Public
502,62066.0,Public
503,80413.0,Public
504,103705.0,Public
505,62578.32628052530,Public
506,66886.06372328390,Public
507,72721.08989574780,Public
508,51152.69414786680,Public
509,43202.96050350330,Public
510,58172.01052011110,Public
511,47255.47463068780,Public
512,47277.0808372972,Public
513,56794.6148487588,Public
514,85297.0,Public
515,88923.0,Public
516,92948.0,Public
517,69720.0,Public
518,58884.0,Public
519,73211.0,Public
520,59472.0,Public
521,69963.0,Public
522,88483.0,Public
523,41370.958841154100,Private
524,47913.23696037100,Private
525,41871.29433546740,Private
526,33841.47290696330,Private
527,28584.790492245000,Private
528,34599.25725255140,Private
529,28103.138585857700,Private
530,35058.1041913231,Private
531,46131.70189989460,Private
532,79915.73111993980,Private
533,85121.40448480670,Private
534,100223.23114271400,Private
535,65318.58374695680,Private
536,55166.58609419790,Private
537,72330.35473796470,Private
538,58756.58480385590,Private
539,64047.53962196230,Private
540,78311.73885558560,Private
541,82315.0,Private
542,84730.0,Private
543,85993.0,Private
544,67283.0,Private
545,56826.0,Private
546,68562.0,Private
547,55693.0,Private
548,68578.0,Private
549,88425.0,Private
550,39839.1249887942,Public
551,40251.6823022282,Public
552,40465.53624340350,Public
553,32566.06340340350,Public
554,27504.984879829400,Public
555,29105.53829050080,Public
556,23641.984058831300,Public
557,39938.13874401840,Public
558,50608.588684856500,Public
559,44683.947063681400,Public
560,47502.5962153895,Public
561,48682.273779307100,Public
562,36526.45666412710,Public
563,30849.88500873850,Public
564,38609.85013123960,Public
565,31363.964337642000,Public
566,34575.61246154,Public
567,43024.71260434460,Public
568,88402.0,Private
569,93602.0,Private
570,96621.0,Private
571,72258.0,Private
572,61028.0,Private
573,76388.0,Private
574,62053.0,Private
575,74867.0,Private
576,95325.0,Private
577,16738.225508219000,Private
578,19247.98740728850,Private
579,17444.904084269200,Private
580,13681.43629034140,Private
581,11555.078024587200,Private
582,13405.76025530110,Private
583,10890.0312725908,Private
584,12733.36499909870,Private
585,17601.59181316080,Private
586,66730.23555537180,Public
587,72990.51209821290,Public
588,75920.74545025610,Public
589,54542.97915428230,Public
590,46065.84111063130,Public
591,59836.98767731770,Public
592,48605.76650308580,Public
593,53641.03154729270,Public
594,65547.61705609380,Public
595,59832.98765321240,Public
596,63948.97001231210,Public
597,70382.21803027510,Public
598,48908.34943631050,Public
599,41307.01587352430,Public
600,56293.62093300220,Public
601,45726.83551306940,Public
602,44485.82902093920,Public
603,53048.63877784590,Public
604,71609.55122222800,Public
605,76281.33932503380,Public
606,89802.5385002963,Public
607,58529.946421274200,Public
608,49432.86866269730,Public
609,64811.56798386160,Public
610,52649.03086500390,Public
611,57396.75450836550,Public
612,70171.44890801090,Public
613,23171.573462334800,Public
614,25702.764864043800,Public
615,22795.761515558100,Public
616,18941.414494344900,Public
617,15997.750481726300,Public
618,16708.48569294730,Public
619,13572.79472717650,Public
620,25474.82651580660,Public
621,33002.25096784100,Public
622,77267.0,Public
623,80904.0,Public
624,82463.0,Public
625,63156.0,Public
626,53341.0,Public
627,65211.0,Public
628,52971.0,Public
629,64331.0,Public
630,83874.0,Public
631,64374.64656589470,Private
632,65741.48629589790,Private
633,71690.15971912560,Private
634,52616.32017061070,Private
635,44438.64657230090,Private
636,54862.84393197500,Private
637,44567.15287170290,Private
638,49012.30259192700,Private
639,63337.25025799490,Private
640,29728.6025604792,Public
641,35270.40093275970,Public
642,27665.62684293970,Public
643,24301.28225944580,Public
644,20524.62140716070,Public
645,21494.40823483810,Public
646,17459.648832153300,Public
647,25491.240676038,Public
648,34885.83269829030,Public
649,16514.497627159700,Private
650,18990.713451051400,Private
651,17211.87393002850,Private
652,13498.56633823120,Private
653,11400.629532879500,Private
654,13227.003132687700,Private
655,10744.332227996200,Private
656,12563.3341177957,Private
657,17366.38933793990,Private
658,17181.988300436300,Public
659,19342.542216325000,Public
660,18757.03925704660,Public
661,14051.278776542700,Public
662,11868.298694142300,Public
663,13778.008631958700,Public
664,11191.613410102200,Public
665,13125.288855342400,Public
666,14891.887706987800,Public
667,106962.0,Public
668,110997.0,Public
669,113348.0,Public
670,87429.0,Public
671,73840.0,Public
672,88048.0,Public
673,71521.0,Public
674,91831.0,Public
675,115522.0,Public
676,38583.09453327780,Private
677,39510.50744933880,Private
678,42137.40592357170,Private
679,31538.977515082800,Private
680,26637.460814279300,Private
681,33088.0058127193,Private
682,26876.981304315100,Private
683,29129.19622755930,Private
684,34975.26906485730,Private
685,63416.690515807,Private
686,70254.39388307950,Private
687,77131.817379258,Private
688,51828.92702700200,Private
689,43772.7502935814,Private
690,59336.03139025040,Private
691,48200.37642752340,Private
692,46418.81182217740,Private
693,54257.69608570000,Private
694,75746.28582388720,Public
695,80687.93715543730,Public
696,94995.36123522300,Public
697,61910.83033463250,Public
698,52288.04498759280,Public
699,68553.43777463100,Public
700,55688.788965404200,Public
701,60712.217032937400,Public
702,74227.57501277260,Public
703,59228.01386814780,Private
704,63303.484589854800,Private
705,69454.50153398190,Private
706,48414.107460119400,Private
707,40889.7460083793,Private
708,55575.214563238100,Private
709,45144.81832252740,Private
710,44306.227428498200,Private
711,52977.068218452100,Private
712,5609.80273817089,Private
713,6359.720758764570,Private
714,5897.246941005430,Private
715,4592.547189002990,Private
716,3879.6538827290500,Private
717,4933.324853057300,Private
718,4006.6305771487100,Private
719,4038.049794401950,Private
720,5723.070336503980,Private
721,94569.0,Private
722,97684.0,Private
723,101720.0,Private
724,77295.0,Private
725,65285.0,Private
726,81222.0,Private
727,65980.0,Private
728,77463.0,Private
729,97999.0,Private
730,88219.0,Public
731,92592.0,Public
732,93557.0,Public
733,72108.0,Public
734,60901.0,Public
735,73538.0,Public
736,59735.0,Public
737,75360.0,Public
738,97327.0,Public
739,81315.0,Private
740,84620.0,Private
741,87987.0,Private
742,66465.0,Private
743,56135.0,Private
744,69481.0,Private
745,56439.0,Private
746,67646.0,Private
747,87257.0,Private
748,92200.0,Private
749,97618.0,Private
750,96606.0,Private
751,75362.0,Private
752,63650.0,Private
753,75496.0,Private
754,61326.0,Private
755,78116.0,Private
756,100036.0,Private
757,46359.89141540860,Public
758,49284.292745556100,Public
759,50504.992925130100,Public
760,37896.443226510700,Public
761,32006.965080706600,Public
762,40055.15032266560,Public
763,32538.026560939600,Public
764,35872.953532484800,Public
765,44639.94321264130,Public
766,14212.009858419000,Public
767,17569.843810502400,Public
768,13954.50511844540,Public
769,11620.71244128530,Public
770,9815.138186785500,Public
771,9509.835181352720,Public
772,7724.817198860780,Public
773,15585.647043338500,Public
774,25769.03383866140,Public
775,77425.1470577491,Public
776,81900.52031199900,Public
777,112263.17574114000,Public
778,63278.440227372600,Public
779,53442.8885687041,Public
780,71269.86508685740,Public
781,57896.18865837980,Public
782,56680.75568139650,Public
783,67752.71765075710,Public
784,45587.0255933207,Public
785,50129.13915763910,Public
786,48560.19406584910,Public
787,37258.64915298490,Public
788,31467.6880062961,Public
789,45376.74255793560,Public
790,36860.27962483870,Public
791,28570.455074323500,Public
792,38123.1460762348,Public
793,23538.623881401300,Private
794,27158.238875177200,Private
795,24477.042583491300,Private
796,19239.66394327460,Private
797,16249.279766130500,Private
798,16778.82507960990,Private
799,13630.13815245060,Private
800,27284.15740547500,Private
801,37446.6512041643,Private
802,95704.0,Private
803,98865.0,Private
804,102063.0,Private
805,78226.0,Private
806,66068.0,Private
807,81064.0,Private
808,65848.0,Private
809,78400.0,Private
810,99120.0,Private
811,66490.40006474840,Private
812,71064.16392638580,Private
813,77690.51741592070,Private
814,54350.41272606510,Private
815,45903.7363296842,Private
816,62146.20214833630,Private
817,50482.90174297400,Private
818,49865.774466691600,Private
819,59699.2992498164,Private
820,86029.0,Public
821,90277.0,Public
822,93976.0,Public
823,70318.0,Public
824,59389.0,Public
825,74001.0,Public
826,60114.0,Public
827,71105.0,Public
828,89939.0,Public
829,72437.83273382820,Public
830,77447.24193233570,Public
831,87845.73803212930,Public
832,59208.69332993390,Public
833,50006.47405366440,Public
834,70995.05746326920,Public
835,57672.45893253710,Public
836,54117.50739544330,Public
837,65498.49256611960,Public
838,57720.34918336050,Public
839,59107.75998105330,Public
840,62856.03474842790,Public
841,47182.34198118360,Public
842,39849.66945712360,Public
843,49426.19744120060,Public
844,40148.293953155900,Public
845,43728.92101506040,Public
846,52569.984790286700,Public
847,80515.03777078730,Private
848,85766.27245998770,Private
849,100973.24063558700,Private
850,65808.07592376990,Private
851,55580.14273045530,Private
852,72870.08119545310,Private
853,59195.84269999370,Private
854,64530.02236426260,Private
855,78895.85839832200,Private
856,64624.16396885730,Private
857,69064.23942709880,Private
858,74467.14146737370,Private
859,52824.47438427280,Private
860,44615.466260595900,Private
861,59508.89455407060,Private
862,48338.48573698630,Private
863,49086.60064083840,Private
864,59119.982835100600,Private
865,58431.814338094400,Public
866,64441.23619376670,Public
867,62760.14014977130,Public
868,47755.27733595830,Public
869,40332.28618686390,Public
870,57671.29069345160,Public
871,46849.89204471680,Public
872,45487.72527105550,Public
873,54317.27627905910,Public
874,104347.0,Private
875,109059.0,Private
876,113781.0,Private
877,85290.0,Private
878,72035.0,Private
879,89624.0,Private
880,72802.0,Private
881,85137.0,Private
882,105563.0,Private
883,77010.32051436880,Private
884,82036.08506007290,Private
885,96574.82047878230,Private
886,62943.553686190500,Private
887,53160.719584441000,Private
888,69695.97560022350,Private
889,56614.03432109870,Private
890,61721.57560278590,Private
891,75464.74020428830,Private
892,22775.905885786800,Private
893,25263.907278801900,Private
894,22406.46272591800,Private
895,18617.99786170880,Private
896,15724.588394522100,Private
897,16424.191608458900,Private
898,13341.110033699400,Private
899,25039.8758334577,Private
900,32438.747124546900,Private
901,16074.994886547800,Public
902,18485.31077354840,Public
903,16753.72391490920,Public
904,13138.73077603680,Public
905,11097.222931892300,Public
906,12874.378620222200,Public
907,10458.368839586700,Public
908,12228.912163342400,Public
909,16903.98044410480,Public
910,88468.0,Private
911,93375.0,Private
912,93341.0,Private
913,72312.0,Private
914,61073.0,Private
915,73032.0,Private
916,59327.0,Private
917,74351.0,Private
918,94917.0,Private
919,81055.93246736120,Public
920,86036.1356887319,Public
921,99217.37729012180,Public
922,66249.6702980786,Public
923,55952.81099872110,Public
924,78545.38667268010,Public
925,63803.37765309850,Public
926,58816.164997215000,Public
927,78422.72156870550,Public
928,61466.95702805180,Private
929,65696.37197185120,Private
930,66829.34743093410,Private
931,50243.88308235700,Private
932,42434.58978095480,Private
933,53460.50709133840,Private
934,43427.12489707630,Private
935,49898.183776605800,Private
936,61845.06564371710,Private
937,85320.0,Public
938,90203.0,Public
939,93539.0,Public
940,69739.0,Public
941,58900.0,Public
942,74038.0,Public
943,60141.0,Public
944,70942.0,Public
945,90220.0,Public
946,62816.97329213990,Public
947,69119.11806690150,Public
948,67161.896222989,Public
949,51345.128250234900,Public
950,43365.14635483750,Public
951,51318.50198157780,Public
952,41686.16264847010,Public
953,46839.81071537050,Public
954,59891.77829389250,Public
955,55792.76224401130,Public
956,56980.86139393720,Public
957,62129.291043615900,Public
958,45602.21270143190,Public
959,38514.5061698682,Public
960,47548.49901782960,Public
961,38625.48888298810,Public
962,42471.33195236470,Public
963,54888.54519185540,Public
964,68649.99267382170,Private
965,72975.28232275450,Private
966,76675.94599032770,Private
967,56115.61329500010,Private
968,47394.39566625830,Private
969,61949.16211986490,Private
970,50323.27016314640,Private
971,52114.73672120270,Private
972,64029.722587618600,Private
973,84492.0,Private
974,88029.0,Private
975,92462.0,Private
976,69062.0,Private
977,58328.0,Private
978,73278.0,Private
979,59524.0,Private
980,70176.0,Private
981,89527.0,Private
982,20283.014753946100,Private
983,23402.393057673900,Private
984,21089.544650594900,Private
985,16578.549486162100,Private
986,14001.923468200600,Private
987,14458.378140530100,Private
988,11744.616711698300,Private
989,23511.12443225580,Private
990,32267.708893381700,Private
991,99856.0,Public
992,103564.0,Public
993,107900.0,Public
994,81616.0,Public
995,68934.0,Public
996,85072.0,Public
997,69107.0,Public
998,81963.0,Public
999,103778.0,Public
1000,60892.125852100200,Private
1001,63896.83677993630,Private
1002,72049.97735745120,Private
1003,49771.65799748440,Private
1004,42035.5787734833,Private
1005,57105.86297608280,Private
1006,46387.26936686960,Private
1007,47563.68612594070,Private
1008,57775.26397205870,Private
1009,51514.59810857510,Private
1010,55053.9648287852,Private
1011,58870.16107117890,Private
1012,42109.14629390000,Private
1013,35565.166467063600,Private
1014,47121.7862272918,Private
1015,38278.09578446230,Private
1016,39747.317833904800,Private
1017,48204.79733359040,Private
1018,75727.59399851970,Public
1019,79031.37413223680,Public
1020,85380.75356178170,Public
1021,61902.65266103420,Public
1022,52282.20379216550,Public
1023,70061.63443397650,Public
1024,56909.59880972340,Public
1025,55338.31723976240,Public
1026,67831.46601980880,Public
1027,12708.463837075300,Public
1028,14178.13836255900,Public
1029,13983.49748863120,Public
1030,10387.478215530900,Public
1031,8773.049911142150,Public
1032,8586.35284215429,Public
1033,6974.749001744190,Public
1034,12527.521613444000,Public
1035,18078.93495185400,Public
1036,9304.741304017530,Public
1037,10203.388145787600,Public
1038,9602.292592406220,Public
1039,7612.137871188650,Public
1040,6429.868123713690,Public
1041,7257.272574783580,Public
1042,5893.6306783090500,Public
1043,8787.459291083310,Public
1044,13126.413130464400,Public
1045,17789.21146513230,Private
1046,20456.56016447260,Private
1047,17985.247517973700,Private
1048,14540.487789354800,Private
1049,12280.616349439300,Private
1050,14293.52205943130,Private
1051,11611.195426405500,Private
1052,13814.25832448300,Private
1053,18837.86572999680,Private
1054,84245.0,Private
1055,89180.0,Private
1056,89422.0,Private
1057,68860.0,Private
1058,58158.0,Private
1059,70161.0,Private
1060,56994.0,Private
1061,72298.0,Private
1062,93555.0,Private
1063,92521.0,Public
1064,97955.0,Public
1065,96957.0,Public
1066,75624.0,Public
1067,63871.0,Public
1068,75758.0,Public
1069,61538.0,Public
1070,78329.0,Public
1071,100168.0,Public
1072,57723.95842049270,Public
1073,60757.17958363850,Public
1074,62936.207491007600,Public
1075,47185.82633028300,Public
1076,39852.70846024700,Public
1077,52582.99153857090,Public
1078,42712.34705535440,Public
1079,49865.61906881450,Public
1080,63122.61488795610,Public
1081,65510.018439844700,Private
1082,70021.66445747990,Private
1083,75963.37127507800,Private
1084,53549.63269360240,Private
1085,45227.19198522590,Private
1086,60749.90104620080,Private
1087,49348.57589597800,Private
1088,49544.3821433761,Private
1089,59549.40619146340,Private
1090,96801.0,Private
1091,102287.0,Private
1092,105409.0,Private
1093,79123.0,Private
1094,66826.0,Private
1095,84065.0,Private
1096,68286.0,Private
1097,78249.0,Private
1098,98074.0,Private
1099,78135.33475367920,Private
1100,83230.02540542620,Private
1101,97986.05329403350,Private
1102,63862.957846457600,Private
1103,53937.59857628050,Private
1104,70708.8388873284,Private
1105,57437.642876357100,Private
1106,62625.7926549419,Private
1107,76562.88494463270,Private
1108,83977.0,Private
1109,87294.0,Private
1110,90810.0,Private
1111,68641.0,Private
1112,57973.0,Private
1113,71888.0,Private
1114,58394.0,Private
1115,69627.0,Private
1116,89461.0,Private
1117,54642.0965152926,Public
1118,58404.27724116260,Public
1119,62404.1262397366,Public
1120,44665.43061338020,Public
1121,37724.43674009530,Public
1122,49945.44735356400,Public
1123,40572.40484880300,Public
1124,42186.118404946100,Public
1125,51177.00113030250,Public
1126,92977.0,Private
1127,98288.0,Private
1128,99886.0,Private
1129,75997.0,Private
1130,64186.0,Private
1131,78990.0,Private
1132,64166.0,Private
1133,75237.0,Private
1134,93478.0,Private
1135,81022.0,Private
1136,84452.0,Private
1137,87896.0,Private
1138,66225.0,Private
1139,55933.0,Private
1140,69525.0,Private
1141,56475.0,Private
1142,65859.0,Private
1143,84784.0,Private
1144,36569.25992626290,Private
1145,43386.21294111850,Private
1146,33555.04254971330,Private
1147,29893.13864339210,Private
1148,25247.50417355340,Private
1149,26290.216739674400,Private
1150,21356.365250021400,Private
1151,31178.47221313050,Private
1152,43165.76247748690,Private
1153,100312.0,Public
1154,105523.0,Public
1155,109429.0,Public
1156,81992.0,Public
1157,69249.0,Public
1158,86064.0,Public
1159,69910.0,Public
1160,81559.0,Public
1161,102016.0,Public
1162,47941.54569003450,Private
1163,50965.68908253970,Private
1164,52230.4135325743,Private
1165,39189.35328322080,Private
1166,33098.9412338504,Private
1167,41423.7687838799,Private
1168,33649.7959389596,Private
1169,37096.41033381770,Private
1170,46161.7753918624,Private
1171,95311.0,Public
1172,104985.0,Public
1173,104123.0,Public
1174,77905.0,Public
1175,65797.0,Public
1176,81648.0,Public
1177,66326.0,Public
1178,80758.0,Public
1179,102552.0,Public
1180,92517.0,Private
1181,97950.0,Private
1182,96950.0,Private
1183,75622.0,Private
1184,63868.0,Private
1185,75756.0,Private
1186,61537.0,Private
1187,78325.0,Private
1188,100164.0,Private
1189,57337.17431500640,Private
1190,60165.48114093610,Private
1191,67844.31664974900,Private
1192,46866.24739191350,Private
1193,39582.27669399040,Private
1194,53767.03566980140,Private
1195,43675.786449487200,Private
1196,44783.27710251540,Private
1197,54401.38949321320,Private
1198,49516.98187685130,Private
1199,50568.39705377680,Private
1200,55138.548356146500,Private
1201,40472.47487712070,Private
1202,34182.675640935000,Private
1203,42203.80520179140,Private
1204,34281.975963200100,Private
1205,37695.57057095170,Private
1206,48717.90634238790,Private
1207,48777.84347342230,Public
1208,51854.72342244090,Public
1209,53141.317071762700,Public
1210,39872.975060006700,Public
1211,33676.32076610630,Public
1212,42146.20107244160,Public
1213,34236.65008229790,Public
1214,37743.56983217780,Public
1215,46967.13775328930,Public
1216,20716.13107798760,Public
1217,23901.90607800760,Public
1218,21540.93363492390,Public
1219,16932.60489391030,Public
1220,14300.799060229300,Public
1221,14767.385108559700,Public
1222,11995.73010257950,Public
1223,24013.53213144690,Public
1224,32957.004296305000,Public
1225,130866.69201047600,Public
1226,124506.02153355600,Public
1227,156720.30555424700,Public
1228,106956.2338556560,Public
1229,90331.04235895820,Public
1230,121672.09665295800,Public
1231,98840.3340428744,Public
1232,99084.63791189140,Public
1233,126437.9013593210,Public
1234,125365.47001635400,Private
1235,119276.6658962370,Private
1236,150132.87097326500,Private
1237,102461.04266574200,Private
1238,86534.9360865397,Private
1239,116561.76084926400,Private
1240,94689.67395029280,Private
1241,94921.44941577050,Private
1242,121124.60541828900,Private
1243,92614.0,Public
1244,95220.0,Public
1245,100506.0,Public
1246,75701.0,Public
1247,63935.0,Public
1248,80134.0,Public
1249,65093.0,Public
1250,73552.0,Public
1251,91501.0,Public
1252,84410.0,Public
1253,89123.0,Public
1254,90519.0,Public
1255,68994.0,Public
1256,58271.0,Public
1257,71662.0,Public
1258,58211.0,Public
1259,71547.0,Public
1260,92330.0,Public
1261,22500.924145180400,Public
1262,24958.90125705880,Public
1263,22136.083638034800,Public
1264,18392.200282180100,Public
1265,15534.755729296100,Public
1266,16225.100118568700,Public
1267,13180.12422682040,Public
1268,24737.59929181790,Public
1269,32047.1470085451,Public
1270,103620.0,Private
1271,107484.0,Private
1272,110156.0,Private
1273,84697.0,Private
1274,71533.0,Private
1275,85369.0,Private
1276,69348.0,Private
1277,89120.0,Private
1278,112024.0,Private
1279,63607.321870300200,Public
1280,67981.22832080020,Public
1281,72536.08675165440,Public
1282,51993.9858177222,Public
1283,43913.26454578890,Public
1284,58045.07405628060,Public
1285,47151.494761379800,Public
1286,49148.71848484060,Public
1287,59642.5829574666,Public
1288,66985.6609219265,Private
1289,68403.9031716905,Private
1290,74594.40208561100,Private
1291,54750.69297976960,Private
1292,46241.23948118550,Private
1293,57095.34882431350,Private
1294,46380.25993235680,Private
1295,50997.14079814540,Private
1296,65901.53505060770,Private
1297,64374.64656589470,Public
1298,65741.48629589790,Public
1299,71690.15971912560,Public
1300,52616.32017061070,Public
1301,44438.64657230090,Public
1302,54862.84393197500,Public
1303,44567.15287170290,Public
1304,49012.30259192700,Public
1305,63337.25025799490,Public
1306,81424.0,Public
1307,85589.0,Public
1308,87148.0,Public
1309,66554.0,Public
1310,56211.0,Public
1311,68663.0,Public
1312,55775.0,Public
1313,69948.0,Public
1314,90344.0,Public
1315,81575.0,Private
1316,85306.0,Private
1317,87104.0,Private
1318,66677.0,Private
1319,56314.0,Private
1320,69002.0,Private
1321,56053.0,Private
1322,67955.0,Private
1323,87703.0,Private
1324,16220.21022271000,Private
1325,20052.4634327128,Private
1326,15926.351872387200,Private
1327,13262.76509214520,Private
1328,11202.042350194500,Private
1329,10854.767871255100,Private
1330,8816.458546157570,Private
1331,17787.95386544240,Private
1332,29410.26809415680,Private
1333,5943.025167048600,Public
1334,6737.5840664545700,Public
1335,6247.529578346430,Public
1336,4865.348046239860,Public
1337,4110.108865387390,Public
1338,5226.273004098440,Public
1339,4244.539246123750,Public
1340,4277.96913080302,Public
1341,6063.116848767010,Public
1342,12791.96205344380,Public
1343,14271.292715154400,Public
1344,14075.13369183810,Public
1345,10455.741979314600,Public
1346,8830.704282106060,Public
1347,8642.71855142795,Public
1348,7020.522971097960,Public
1349,12609.731168122100,Public
1350,18197.562438956700,Public
1351,38472.02211899990,Private
1352,45643.70377362710,Private
1353,35612.85908499200,Private
1354,31448.562376352800,Private
1355,26561.14352704720,Private
1356,27867.95044997920,Private
1357,22637.934011082900,Private
1358,33049.7215628689,Private
1359,45348.65432325100,Private
1360,101185.0,Private
1361,104579.0,Private
1362,109103.0,Private
1363,82706.0,Private
1364,69852.0,Private
1365,86678.0,Private
1366,70412.0,Private
1367,81943.0,Private
1368,102987.0,Private
1369,56338.39253594270,Public
1370,59892.22930751170,Public
1371,61341.69506070670,Public
1372,46053.27339813760,Public
1373,38896.13721222950,Public
1374,48646.90734311140,Public
1375,39517.377659582500,Public
1376,43599.88003271990,Public
1377,54264.37158281050,Public
1378,80950.0,Private
1379,85043.0,Private
1380,86830.0,Private
1381,66166.0,Private
1382,55883.0,Private
1383,68412.0,Private
1384,55573.0,Private
1385,68214.0,Private
1386,87976.0,Private
1387,44203.554544976000,Public
1388,47820.965642405100,Public
1389,45510.81837459190,Public
1390,36132.37672996530,Public
1391,30516.8704922306,Public
1392,35905.49792135120,Public
1393,29167.292776006700,Public
1394,28684.14388540530,Public
1395,39743.88911475690,Public
1396,92194.0,Public
1397,97610.0,Public
1398,96605.0,Public
1399,75357.0,Public
1400,63645.0,Public
1401,75493.0,Public
1402,61326.0,Public
1403,78109.0,Public
1404,100018.0,Public
1405,54111.09898806810,Private
1406,55411.756197630100,Private
1407,58952.80840107390,Private
1408,44232.03268661300,Private
1409,37357.87156219600,Private
1410,46346.58528299940,Private
1411,37646.76272528420,Private
1412,40971.86455046150,Private
1413,49245.82600207010,Private
1414,18574.51374035320,Private
1415,20910.170337330100,Private
1416,19741.408417105500,Private
1417,15190.07375828930,Private
1418,12830.172603628800,Private
1419,14939.977861904000,Private
1420,12135.45860027640,Private
1421,14344.588726794900,Private
1422,16104.721310348500,Private
1423,83261.0,Private
1424,87301.0,Private
1425,90501.0,Private
1426,68055.0,Private
1427,57478.0,Private
1428,71658.0,Private
1429,58208.0,Private
1430,69514.0,Private
1431,88917.0,Private
1432,61222.800207992100,Public
1433,66825.985260814,Public
1434,69507.70792697670,Public
1435,50042.01208471840,Public
1436,42264.35853044260,Public
1437,54852.15568406890,Public
1438,44556.50415079870,Public
1439,49741.60652031580,Public
1440,61258.61498331020,Public
1441,105180.0,Private
1442,109936.0,Private
1443,112694.0,Private
1444,85971.0,Private
1445,72610.0,Private
1446,88311.0,Private
1447,71735.0,Private
1448,89557.0,Private
1449,113336.0,Private
1450,74939.0326158255,Public
1451,78205.42909880750,Public
1452,84488.21890048040,Public
1453,61257.784685853200,Public
1454,51737.80437833510,Public
1455,69326.81204921400,Public
1456,56316.13335430320,Public
1457,54762.37537062430,Public
1458,67127.0178512687,Public
1459,85874.0,Public
1460,89298.0,Public
1461,94636.0,Public
1462,70192.0,Public
1463,59282.0,Public
1464,74779.0,Public
1465,60743.0,Public
1466,70359.0,Public
1467,89156.0,Public
1468,24314.076864015200,Private
1469,27299.22868075530,Private
1470,25048.211375855300,Private
1471,19868.247762922800,Private
1472,16779.60855218780,Private
1473,18775.03729971830,Private
1474,15252.337063205600,Private
1475,27474.37143893200,Private
1476,37289.15850569660,Private
1477,108680.0,Public
1478,122029.0,Public
1479,117161.0,Public
1480,88832.0,Public
1481,75026.0,Public
1482,92013.0,Public
1483,74746.0,Public
1484,91029.0,Public
1485,113763.0,Public
1486,26627.55987342540,Public
1487,30113.413952397600,Public
1488,28397.297540950000,Public
1489,21763.61589157840,Public
1490,18380.988635979000,Public
1491,20269.30723103920,Public
1492,16465.032653425400,Public
1493,21554.091424000500,Public
1494,31042.927796726100,Public
1495,80993.0,Public
1496,83940.0,Public
1497,87406.0,Public
1498,66202.0,Public
1499,55913.0,Public
1500,69108.0,Public
1501,56136.0,Public
1502,66711.0,Public
1503,85270.0,Public
1504,60147.95755465400,Public
1505,63119.9577880969,Public
1506,71173.79804334660,Public
1507,49163.00543395300,Public
1508,41522.72181496070,Public
1509,56396.74185120080,Public
1510,45813.663975902400,Public
1511,46979.56658320430,Public
1512,57068.47932534770,Public
1513,82346.83665680870,Private
1514,87720.73644998370,Private
1515,103277.0081121400,Private
1516,67305.75843134610,Private
1517,56845.34566002230,Private
1518,74525.47597956810,Private
1519,60540.4858873729,Private
1520,66002.00361195840,Private
1521,80694.94658995010,Private
1522,54587.13950780340,Public
1523,55749.53739784880,Public
1524,60788.15257349310,Public
1525,44617.38715237830,Public
1526,37682.71994101150,Public
1527,46525.12157895540,Public
1528,37792.53441504600,Public
1529,41556.60074843940,Public
1530,53707.45547644230,Public
1531,25538.40734644890,Public
1532,28328.31064657980,Public
1533,25124.436197443300,Public
1534,20875.010311077000,Public
1535,17631.852756139700,Public
1536,18415.320584231800,Public
1537,14959.317100452200,Public
1538,28077.144957855400,Public
1539,36373.48001076420,Public
1540,71576.92484382240,Private
1541,78090.8284690179,Private
1542,81171.63006015330,Private
1543,58504.531852729300,Private
1544,49411.96440463330,Private
1545,63868.70809883680,Private
1546,51880.991160233600,Private
1547,57411.81574863740,Private
1548,69762.06592311320,Private
1549,20529.00856856620,Public
1550,22771.51730993440,Public
1551,20422.55884453620,Public
1552,16781.325348253900,Public
1553,14173.333869127600,Public
1554,14654.578674797700,Public
1555,11904.386634209400,Public
1556,22343.845241194400,Public
1557,28945.868899763400,Public
1558,22538.17352070830,Private
1559,25000.16457391510,Private
1560,22172.47670607930,Private
1561,18423.669582195000,Private
1562,15560.444953798100,Private
1563,16252.662515690600,Private
1564,13201.79950999400,Private
1565,24778.38093571480,Private
1566,32100.077514862700,Private
1567,81871.36334902130,Private
1568,85440.33375514080,Private
1569,92306.07486046460,Private
1570,66924.91248948190,Private
1571,56524.079911517300,Private
1572,75741.61286754530,Private
1573,61527.64791459740,Private
1574,59827.86004523450,Private
1575,73336.20859055680,Private
1576,80119.0,Public
1577,82414.0,Public
1578,87029.0,Public
1579,65487.0,Public
1580,55309.0,Public
1581,69044.0,Public
1582,56084.0,Public
1583,66423.0,Public
1584,85934.0,Public
1585,108671.0,Private
1586,122023.0,Private
1587,117604.0,Private
1588,88825.0,Private
1589,75020.0,Private
1590,92418.0,Private
1591,75075.0,Private
1592,91021.0,Private
1593,113754.0,Private
1594,59421.11933971980,Private
1595,63512.79471638390,Private
1596,68557.84395968990,Private
1597,48572.10284595100,Private
1598,41023.434411775300,Private
1599,54814.94616816820,Private
1600,44524.99027041880,Private
1601,45163.72375331060,Private
1602,54405.77863050180,Private
1603,96795.0,Public
1604,101011.0,Public
1605,106482.0,Public
1606,79118.0,Public
1607,66821.0,Public
1608,84403.0,Public
1609,68561.0,Public
1610,77979.0,Public
1611,97252.0,Public
1612,82687.96246976680,Private
1613,88079.38584922390,Private
1614,103702.247139252,Private
1615,67584.96757277410,Private
1616,57080.16171620240,Private
1617,74838.56405447490,Private
1618,60795.16200800600,Private
1619,66274.20331887350,Private
1620,81027.89472930990,Private
1621,99853.0,Public
1622,103562.0,Public
1623,107891.0,Public
1624,81618.0,Public
1625,68933.0,Public
1626,85064.0,Public
1627,69101.0,Public
1628,81962.0,Public
1629,103774.0,Public
1630,15911.29739198390,Public
1631,19670.59963102730,Public
1632,15623.010476197400,Public
1633,13010.170178856700,Public
1634,10988.70283607620,Public
1635,10648.021221338000,Public
1636,8648.52622350991,Public
1637,17449.16421701550,Public
1638,28850.141601621,Public
1639,75328.05623128800,Private
1640,78611.97630055210,Private
1641,84926.30855753270,Private
1642,61575.54571710180,Private
1643,52006.49936799390,Private
1644,69690.13440479610,Private
1645,56610.529603842300,Private
1646,55046.257468394200,Private
1647,67475.15309873960,Private
1648,92343.0,Private
1649,97246.0,Private
1650,102390.0,Private
1651,75479.0,Private
1652,63748.0,Private
1653,81481.0,Private
1654,66187.0,Private
1655,73790.0,Private
1656,92581.0,Private
1657,57251.892861766900,Private
1658,58465.69327157320,Private
1659,63754.31161150870,Private
1660,46794.984807699600,Private
1661,39521.528261545800,Private
1662,48795.01012202910,Private
1663,39638.35217009310,Private
1664,43589.33675716220,Private
1665,56331.3204624143,Private
1666,62909.565140213100,Private
1667,64949.45460821720,Private
1668,83989.29249435790,Private
1669,51419.71815565000,Private
1670,43427.94249665410,Private
1671,65916.91522956420,Private
1672,53547.15070619410,Private
1673,50412.08579797660,Private
1674,60916.94267625020,Private
1675,75817.54840810110,Private
1676,80760.36797873660,Private
1677,95082.97916663350,Private
1678,61969.24228890620,Private
1679,52337.1110291827,Private
1680,68617.69092433200,Private
1681,55740.19148516510,Private
1682,60764.78779178370,Private
1683,74295.33287973000,Private
1684,104650.0,Private
1685,108839.0,Private
1686,111379.0,Private
1687,85539.0,Private
1688,72244.0,Private
1689,86891.0,Private
1690,70582.0,Private
1691,89389.0,Private
1692,112352.0,Private
1693,67985.21451906810,Private
1694,74305.42599203320,Private
1695,77536.06490847890,Private
1696,55568.451190430100,Private
1697,46931.97394230290,Private
1698,61094.15938235990,Private
1699,49629.04579788760,Private
1700,54775.409736958700,Private
1701,66939.2768970242,Private
1702,64183.93750918980,Private
1703,68598.35559708260,Private
1704,74145.7491440582,Private
1705,52465.27119939080,Private
1706,44311.62898015050,Private
1707,59307.68675502020,Private
1708,48177.78957532850,Private
1709,48801.66879117630,Private
1710,58795.88973595890,Private
1711,54587.13950780340,Public
1712,55749.53739784880,Public
1713,60788.15257349310,Public
1714,44617.38715237830,Public
1715,37682.71994101150,Public
1716,46522.78510078440,Public
1717,37792.53441504600,Public
1718,41556.60074843940,Public
1719,53707.45547644230,Public
1720,79881.0,Public
1721,82375.0,Public
1722,83638.0,Public
1723,65293.0,Public
1724,55145.0,Public
1725,65692.0,Public
1726,53362.0,Public
1727,68697.0,Public
1728,89072.0,Public
1729,20038.000681532200,Public
1730,21726.073837095300,Public
1731,20696.206162684400,Public
1732,16388.181731191300,Public
1733,13842.293803427800,Public
1734,15355.077355189700,Public
1735,12470.884299974200,Public
1736,15716.166323251600,Public
1737,21625.11413335640,Public
1738,72783.63150312810,Private
1739,77814.06900517410,Private
1740,87973.07609244580,Private
1741,59491.4071886183,Private
1742,50244.794827100900,Private
1743,71026.599918577,Private
1744,57698.16019241750,Private
1745,54817.28260764150,Private
1746,65701.76616699190,Private
1747,12564.928108261000,Private
1748,13984.821456121200,Private
1749,13838.425957528500,Private
1750,10270.157043018300,Private
1751,8673.964184191620,Private
1752,8481.282782149020,Private
1753,6889.397230889780,Private
1754,12651.921598803000,Private
1755,18292.535040238400,Private
1756,73016.54958715930,Private
1757,77684.24586307140,Private
1758,92276.27958044060,Private
1759,59680.66878585430,Private
1760,50407.86702983220,Private
1761,63009.41487251520,Private
1762,51184.88001141840,Private
1763,51544.65387705200,Private
1764,55781.50862784510,Private
1765,75090.90369693700,Private
1766,79990.49842141000,Private
1767,94177.59387539200,Private
1768,61375.77683348600,Private
1769,51835.93646151490,Private
1770,67966.98175372370,Private
1771,55210.97917944590,Private
1772,60185.34120538920,Private
1773,73585.0435157625,Private
1774,7727.77059212268,Private
1775,8474.118271983270,Private
1776,7974.885694468150,Private
1777,6322.0297976452200,Private
1778,5340.129935004530,Private
1779,6027.309309381840,Private
1780,4894.774217159390,Private
1781,7298.15172578358,Private
1782,10901.73913361080,Private
1783,72910.96956344470,Private
1784,76092.08459318720,Private
1785,82201.97501021010,Private
1786,59600.05342356730,Private
1787,50338.25395393870,Private
1788,67452.95655611560,Private
1789,54793.91782593210,Private
1790,53282.21644933020,Private
1791,65312.7425515294,Private
1792,64310.87397302030,Private
1793,68736.0951642178,Private
1794,73897.27776804960,Private
1795,52567.90068078570,Private
1796,44398.05380658830,Private
1797,59118.6324471875,Private
1798,48023.84535323620,Private
1799,49270.25339701870,Private
1800,59561.55968268120,Private
1801,60510.88238558380,Public
1802,64680.88026120710,Public
1803,71155.99030447590,Public
1804,49462.00848067760,Public
1805,41775.60047936660,Public
1806,56920.20092467620,Public
1807,46235.93175630450,Public
1808,45084.05086643830,Public
1809,53812.95833665510,Public
1810,71743.89871705730,Private
1811,74871.27474886810,Private
1812,80887.70603905310,Private
1813,58645.60209073600,Private
1814,49532.16898496240,Private
1815,66372.33540205330,Private
1816,53916.57027274200,Private
1817,52427.06543876410,Private
1818,64266.00033094580,Private
1819,23351.986745243300,Private
1820,25902.926738288200,Private
1821,22973.338279928000,Private
1822,19088.91345836040,Private
1823,16122.343220560800,Private
1824,16839.714814778100,Private
1825,13678.602220593900,Private
1826,25673.222255866500,Private
1827,33259.30377051370,Private
1828,100992.0,Public
1829,104043.0,Public
1830,108260.0,Public
1831,82549.0,Public
1832,69719.0,Public
1833,85552.0,Public
1834,69497.0,Public
1835,82963.0,Public
1836,105575.0,Public
1837,49042.07758034110,Private
1838,52135.61977643570,Private
1839,53426.17479332220,Private
1840,40088.9716893815,Private
1841,33858.747868283900,Private
1842,42371.86289415630,Private
1843,34419.9620260278,Private
1844,37948.51274862320,Private
1845,47222.97267193530,Private
1846,94906.0,Public
1847,99804.0,Public
1848,101893.0,Public
1849,77574.0,Public
1850,65518.0,Public
1851,80623.0,Public
1852,65493.0,Public
1853,77092.0,Public
1854,95509.0,Public
1855,42562.13815296990,Private
1856,50496.26328333250,Private
1857,39053.89421560640,Private
1858,34791.991356086600,Private
1859,29385.02890937970,Private
1860,31106.52253619570,Private
1861,25268.69865203040,Private
1862,37170.792690403900,Private
1863,51461.86699025790,Private
1864,46933.50696783070,Private
1865,49894.084704517800,Private
1866,51131.85551957660,Private
1867,38365.3411844622,Private
1868,32402.98612712110,Private
1869,40552.45850091740,Private
1870,32942.00437485070,Private
1871,36316.48376378100,Private
1872,45191.383274469600,Private
1873,35219.64573430180,Public
1874,41785.05375460240,Public
1875,32499.92005869460,Public
1876,28790.04970108360,Public
1877,24315.78374471950,Public
1878,25367.001989702900,Public
1879,20606.471136542000,Public
1880,30084.446699118000,Public
1881,41139.87709728200,Public
1882,45942.89962420600,Public
1883,48840.953095517300,Public
1884,50053.17240913680,Public
1885,37555.5750346946,Public
1886,31719.07167197570,Public
1887,39697.020914107300,Public
1888,32247.104271510600,Public
1889,35549.8366235013,Public
1890,44237.21098337670,Public
1891,60716.8899892793,Public
1892,67047.57759345660,Public
1893,62947.05840344690,Public
1894,49623.29163362930,Public
1895,41909.40895225220,Public
1896,58508.91811773570,Public
1897,47527.47071429110,Public
1898,48209.7223402072,Public
1899,53047.40039315020,Public
1900,62305.695145522300,Public
1901,69028.91108241850,Public
1902,66549.90774304510,Public
1903,50922.37349667510,Public
1904,43006.385453511200,Public
1905,60283.47328856890,Public
1906,48970.24598485000,Public
1907,46625.59014030600,Public
1908,55622.19933753230,Public
1909,24736.229646332700,Private
1910,24105.02259698850,Private
1911,26765.325018521000,Private
1912,20218.74551329760,Private
1913,17076.347110921900,Private
1914,18207.75808196190,Private
1915,14790.946131482700,Private
1916,15577.747339262800,Private
1917,20464.65582117040,Private
1918,16074.579965408400,Public
1919,18236.11000041750,Public
1920,12502.132747934900,Public
1921,13151.482564979200,Public
1922,11109.007620448100,Public
1923,9525.996244508120,Public
1924,7737.30486089293,Public
1925,11378.897926668300,Public
1926,16361.708581999100,Public
1927,62798.69203959190,Private
1928,64130.4845970309,Private
1929,69927.28693914710,Private
1930,51328.92069841970,Private
1931,43351.01598372570,Private
1932,53519.368983681200,Private
1933,43473.68108770040,Private
1934,47805.5116166336,Private
1935,61778.8193179741,Private
1936,59310.330130370000,Public
1937,65538.21269502570,Public
1938,61692.36962564910,Public
1939,48473.74437352410,Public
1940,40939.77051130980,Public
1941,58229.70897630770,Public
1942,47300.83233170930,Public
1943,46478.39201553650,Public
1944,55286.9147200016,Public
1945,47520.96008083520,Public
1946,50518.56503324670,Public
1947,51771.84780136360,Public
1948,38845.551501335400,Public
1949,32808.57026877320,Public
1950,41060.07848648950,Public
1951,33354.3609576142,Public
1952,36771.02006269230,Public
1953,45756.93996229300,Public
1954,78022.0155623883,Public
1955,83713.67638681190,Public
1956,93858.66460505800,Public
1957,63775.33991504720,Public
1958,53863.99951389570,Public
1959,75221.74647450990,Public
1960,61102.40888748530,Public
1961,54465.642642914200,Public
1962,65586.11049753000,Public
1963,61678.35075662340,Private
1964,64725.11829153660,Private
1965,72984.56862582950,Private
1966,50414.18949449440,Private
1967,42578.80994822820,Private
1968,57834.84416541780,Private
1969,46979.56658320430,Private
1970,48177.01164581400,Private
1971,58521.76874767590,Private
1972,61148.24700222800,Private
1973,66776.28312363790,Private
1974,69134.94189815610,Private
1975,49980.61532703030,Private
1976,42212.46365192050,Private
1977,54541.51732671830,Private
1978,44306.53163735420,Private
1979,49841.01079466800,Private
1980,61456.69261823250,Private
1981,96985.0,Private
1982,102806.0,Private
1983,105480.0,Private
1984,79273.0,Private
1985,66953.0,Private
1986,82638.0,Private
1987,67127.0,Private
1988,81671.0,Private
1989,102980.0,Private
1990,55353.504347873500,Public
1991,56527.58462877370,Public
1992,61642.13534497380,Public
1993,45243.56330219170,Public
1994,38211.932246730700,Public
1995,47172.32603230730,Public
1996,38318.24200350880,Public
1997,42139.55205209040,Public
1998,54456.29673023040,Public
1999,41767.66585639410,Public
2000,44402.3564493918,Public
2001,45510.2529440024,Public
2002,34142.577812348100,Public
2003,28836.482508408200,Public
2004,36096.573412155900,Public
2005,29320.70183816030,Public
2006,32318.177467575800,Public
2007,40214.25844670500,Public
2008,62578.32628052530,Public
2009,66886.06372328390,Public
2010,72721.08989574780,Public
2011,51152.69414786680,Public
2012,43202.96050350330,Public
2013,58172.01052011110,Public
2014,47255.47463068780,Public
2015,47277.0808372972,Public
2016,56794.6148487588,Public
2017,16065.742200191700,Public
2018,19861.60697837940,Public
2019,15774.727602913400,Public
2020,13136.456028345700,Public
2021,11095.360985980000,Public
2022,10751.406153451800,Public
2023,8732.503991989030,Public
2024,17618.582255539500,Public
2025,29130.187437156000,Public
2026,54587.13950780340,Private
2027,55749.53739784880,Private
2028,60788.15257349310,Private
2029,44617.38715237830,Private
2030,37682.71994101150,Private
2031,46525.12157895540,Private
2032,37792.53441504600,Private
2033,41556.60074843940,Private
2034,53707.45547644230,Private
2035,44834.32248224760,Public
2036,47662.473470932,Public
2037,48848.75331412400,Public
2038,36649.38157515350,Public
2039,30953.70414871,Public
2040,38742.06587856440,Public
2041,31471.370489136800,Public
2042,34691.51309193630,Public
2043,43168.24751706460,Public
2044,23083.11208031220,Public
2045,26544.23834593010,Public
2046,23280.12971405370,Public
2047,18867.59905494710,Public
2048,15935.211357143500,Public
2049,18529.81403943360,Public
2050,15051.820593109100,Public
2051,17914.2777884816,Public
2052,24425.71830048920,Public
2053,41869.68882334620,Private
2054,42189.78633276570,Private
2055,45189.824304259900,Private
2056,34221.227530755600,Private
2057,28902.23497459780,Private
2058,32863.73371343610,Private
2059,26696.59958122510,Private
2060,29819.302656693900,Private
2061,41690.94824326880,Private
2062,18552.84799196800,Private
2063,20885.781196576200,Private
2064,19604.63579351390,Private
2065,15172.355670521900,Private
2066,12815.20726895580,Private
2067,14943.310180923000,Private
2068,12138.1654618162,Private
2069,14385.43245718970,Private
2070,16106.35736894580,Private
2071,83862.04275066700,Private
2072,89328.23343159430,Private
2073,105168.3871915200,Private
2074,68544.09186194730,Private
2075,57890.91964152050,Private
2076,75894.65218774230,Private
2077,61652.64949674300,Private
2078,67213.4675435937,Private
2079,82176.27375032970,Private
2080,48841.739685448,Public
2081,53709.79195461330,Public
2082,52031.03238878880,Public
2083,39918.729550606500,Public
2084,33714.211767660300,Public
2085,48617.43778103720,Public
2086,39492.32228440900,Public
2087,30612.536995730000,Public
2088,40846.31138447200,Public
2089,68607.8083124742,Private
2090,73328.76445663850,Private
2091,79509.48993485350,Private
2092,56081.61003064700,Private
2093,47366.20643956120,Private
2094,63591.11721534310,Private
2095,51657.73922736270,Private
2096,51950.77340450330,Private
2097,62472.996023304200,Private
2098,17222.278023114200,Public
2099,17854.280449953700,Public
2100,18189.634442201500,Public
2101,14079.217228036400,Public
2102,11891.364392343700,Public
2103,12512.065926436800,Public
2104,10163.740413745900,Public
2105,15545.22553955630,Public
2106,19468.89550108800,Public
2107,62798.69203959190,Public
2108,64130.4845970309,Public
2109,69927.28693914710,Public
2110,51326.584220248700,Public
2111,43351.01598372570,Public
2112,53517.03250551030,Public
2113,43473.68108770040,Public
2114,47805.5116166336,Public
2115,61778.8193179741,Public
2116,13674.14524631150,Public
2117,15512.866251365200,Public
2118,10653.612870924800,Public
2119,11187.567127066800,Public
2120,9450.085081661340,Public
2121,8118.377453832620,Public
2122,6592.786986040340,Public
2123,9702.40001557642,Public
2124,13930.432695884600,Public
2125,66541.73006944680,Public
2126,69825.65013871090,Public
2127,78733.47316544130,Public
2128,54389.70710235850,Public
2129,45936.32907987710,Public
2130,62400.32251144560,Public
2131,50689.89391866600,Public
2132,51973.78867360070,Public
2133,63133.97665712260,Public
2134,80218.30504307720,Public
2135,86067.67814403970,Public
2136,96498.88493822660,Public
2137,65570.9233894189,Public
2138,55380.373846839400,Public
2139,77335.09098013030,Public
2140,62822.05682130130,Public
2141,55998.372323054500,Public
2142,67433.09649166260,Public
2143,92129.0,Private
2144,94794.0,Private
2145,98339.0,Private
2146,75304.0,Private
2147,63600.0,Private
2148,78547.0,Private
2149,63804.0,Private
2150,75523.0,Private
2151,96046.0,Private
2152,91243.0,Public
2153,94499.0,Public
2154,98213.0,Public
2155,74576.0,Public
2156,62989.0,Public
2157,78111.0,Public
2158,63453.0,Public
2159,73815.0,Public
2160,92837.0,Public
2161,80472.9811637103,Private
2162,85719.54289656880,Private
2163,100924.17459399800,Private
2164,65774.19699029120,Private
2165,55550.93675331850,Private
2166,72836.20226197440,Private
2167,59167.804961942300,Private
2168,64503.15286529670,Private
2169,78858.47474758690,Private
2170,102531.0,Private
2171,111612.0,Private
2172,112458.0,Private
2173,83807.0,Private
2174,70782.0,Private
2175,89064.0,Private
2176,72350.0,Private
2177,83753.0,Private
2178,105407.0,Private
2179,80265.03460649610,Public
2180,85499.91394849990,Public
2181,100661.32079976600,Public
2182,65604.80232289760,Public
2183,55407.24334580530,Public
2184,72644.61105195690,Public
2185,59012.42916357440,Public
2186,64332.5899588177,Public
2187,78655.20114671460,Public
2188,80923.92145070280,Public
2189,86198.52092161260,Public
2190,101489.60231136600,Public
2191,66142.19230221510,Public
2192,55862.856589139700,Public
2193,73239.24474646250,Public
2194,59493.74366678930,Public
2195,64857.129308195,Public
2196,79295.39616555370,Public
2197,62798.69203959190,Private
2198,64130.4845970309,Private
2199,69927.28693914710,Private
2200,51328.92069841970,Private
2201,43351.01598372570,Private
2202,53519.368983681200,Private
2203,43473.68108770040,Private
2204,47805.5116166336,Private
2205,61778.8193179741,Private
2206,71103.32517586540,Public
2207,75995.78058499210,Public
2208,80384.54130253620,Public
2209,58122.046167326700,Public
2210,49087.95102875150,Public
2211,64341.93289502140,Public
2212,52266.76417616650,Public
2213,55522.54943462760,Public
2214,67694.94608322510,Public
2215,26643.65532428730,Private
2216,27032.1068998169,Private
2217,27126.78387509100,Private
2218,21779.590518446000,Private
2219,18394.81825012610,Private
2220,19591.48790726360,Private
2221,15914.743336849200,Private
2222,26820.505831343000,Private
2223,34055.49386808090,Private
2224,19528.790232643600,Public
2225,20245.549355080700,Public
2226,19183.265436924100,Public
2227,15964.77118276450,Public
2228,13483.94270262260,Public
2229,14178.665084204300,Public
2230,11516.73979780230,Public
2231,17656.514826892600,Public
2232,22419.27607484060,Public
2233,23246.261316801800,Private
2234,26820.82787085910,Private
2235,24170.20662460480,Private
2236,19000.672020108800,Private
2237,16047.556833254000,Private
2238,16568.41811016110,Private
2239,13459.171182434200,Private
2240,26945.479979156800,Private
2241,36981.33157783390,Private
2242,12902.18676021010,Private
2243,14394.26281562430,Private
2244,14196.56799001960,Private
2245,10545.82472733320,Private
2246,8906.788280530570,Private
2247,8717.302053363810,Private
2248,7081.107723439710,Private
2249,12718.47303129960,Private
2250,18354.567330369200,Private
2251,19857.732815477900,Public
2252,29150.55866530130,Public
2253,27766.49962780900,Public
2254,16304.62640348790,Public
2255,13779.421161891700,Public
2256,18699.219722702700,Public
2257,15180.350181369200,Public
2258,25091.57640175980,Public
2259,26812.364254932800,Public
2260,64008.38708048810,Private
2261,68412.00206507610,Private
2262,74634.58956859690,Private
2263,52322.13008060320,Private
2264,44190.09406797240,Private
2265,59710.10235312110,Private
2266,48501.88267447030,Private
2267,48162.93530828460,Private
2268,57750.68949122690,Private
2269,102370.0,Public
2270,111434.0,Public
2271,112313.0,Public
2272,83675.0,Public
2273,70670.0,Public
2274,88958.0,Public
2275,72261.0,Public
2276,83659.0,Public
2277,105282.0,Public
2278,83672.78801882040,Private
2279,88814.20823398630,Private
2280,102418.35238431700,Private
2281,68388.71606357940,Private
2282,57758.908624862100,Private
2283,81081.63372724160,Private
2284,65862.9831607871,Private
2285,60714.55351110840,Private
2286,80430.92455663330,Private
2287,130866.69201047600,Private
2288,124506.02153355600,Private
2289,156720.30555424700,Private
2290,106956.2338556560,Private
2291,90331.04235895820,Private
2292,121672.09665295800,Private
2293,98840.3340428744,Private
2294,99084.63791189140,Private
2295,126437.9013593210,Private
2296,52680.57332031170,Private
2297,55277.56880731780,Private
2298,62332.564644488200,Private
2299,43060.12445144300,Private
2300,36367.28273076910,Private
2301,49389.64381653480,Private
2302,40120.83491239330,Private
2303,41148.885307609400,Private
2304,49985.445750125900,Private
2305,13141.242330201900,Private
2306,14660.927521007200,Private
2307,14459.472627731000,Private
2308,10741.224675955200,Private
2309,9071.807588482390,Private
2310,8878.314153045950,Private
2311,7212.21581074803,Private
2312,12954.015674218000,Private
2313,18694.42095859860,Private
2314,62578.32628052530,Private
2315,66886.06372328390,Private
2316,72721.08989574780,Private
2317,51152.69414786680,Private
2318,43202.96050350330,Private
2319,58176.06168385040,Private
2320,47255.47463068780,Private
2321,47277.0808372972,Private
2322,56794.6148487588,Private
2323,81626.0,Public
2324,83888.0,Public
2325,86461.0,Public
2326,66719.0,Public
2327,56350.0,Public
2328,68291.0,Public
2329,55473.0,Public
2330,67763.0,Public
2331,87739.0,Public
2332,69811.60078156470,Public
2333,74204.91252689690,Public
2334,79702.92928009940,Public
2335,57065.30641011430,Public
2336,48196.27153342770,Public
2337,62535.19864269020,Public
2338,50796.80860346500,Public
2339,53602.06602131960,Public
2340,64993.80499235580,Public
2341,48447.96092980090,Private
2342,51504.05390881540,Private
2343,52779.6959423099,Private
2344,39603.3161937253,Private
2345,33448.56935703370,Private
2346,41859.24015057720,Private
2347,34003.54197859750,Private
2348,37488.687819818900,Private
2349,46650.57547826580,Private
2350,89314.0,Public
2351,93713.0,Public
2352,93577.0,Public
2353,73003.0,Public
2354,61657.0,Public
2355,72122.0,Public
2356,58587.0,Public
2357,75448.0,Public
2358,97955.0,Public
2359,97579.0,Private
2360,102858.0,Private
2361,106094.0,Private
2362,79759.0,Private
2363,67363.0,Private
2364,84029.0,Private
2365,68260.0,Private
2366,80226.0,Private
2367,101487.0,Private
2368,99860.0,Private
2369,103565.0,Private
2370,107900.0,Private
2371,81623.0,Private
2372,68937.0,Private
2373,85072.0,Private
2374,69107.0,Private
2375,81966.0,Private
2376,103778.0,Private
2377,78743.98731721050,Public
2378,83874.89338060720,Public
2379,98750.08165593270,Public
2380,64360.62769686910,Public
2381,54358.1646470507,Public
2382,71271.9301265263,Public
2383,57896.76083694790,Public
2384,63112.94835358410,Public
2385,77158.68687822390,Public
2386,72364.23367144340,Public
2387,72364.23367144340,Public
2388,83904.099357744,Public
2389,59151.44961474570,Public
2390,49958.576251160000,Public
2391,67493.84492410720,Public
2392,54824.29204215440,Public
2393,57232.03279731390,Public
2394,64183.05535587720,Public
2395,87886.0,Public
2396,92241.0,Public
2397,93992.0,Public
2398,71836.0,Public
2399,60671.0,Public
2400,73894.0,Public
2401,60025.0,Public
2402,74783.0,Public
2403,96107.0,Public
2404,85039.0,Private
2405,90289.0,Private
2406,94351.0,Private
2407,69506.0,Private
2408,58706.0,Private
2409,74824.0,Private
2410,60783.0,Private
2411,70364.0,Private
2412,90346.0,Private
2413,20373.69106181670,Private
2414,22090.044104220400,Private
2415,21144.432214750300,Private
2416,16662.730183777800,Private
2417,14074.193952699800,Private
2418,15346.433458000100,Private
2419,12463.877793001100,Private
2420,15457.103266511500,Private
2421,21521.67930487150,Private
2422,47332.32547484490,Public
2423,50378.16790480040,Public
2424,51583.06345295680,Public
2425,38691.350844674200,Public
2426,32678.335205230700,Public
2427,40934.59434143520,Public
2428,33252.42721079640,Public
2429,36613.327685136500,Public
2430,45622.46446577320,Public
2431,51555.73836770840,Private
2432,52794.97321153490,Private
2433,56215.74533718320,Private
2434,42143.205092308000,Private
2435,35593.67100076510,Private
2436,44176.89553870970,Private
2437,35884.3508826491,Private
2438,38997.800485691600,Private
2439,46856.38394390910,Private
2440,62798.69203959190,Public
2441,64130.4845970309,Public
2442,69927.28693914710,Public
2443,51328.92069841970,Public
2444,43351.01598372570,Public
2445,53517.03250551030,Public
2446,43473.68108770040,Public
2447,47805.5116166336,Public
2448,61778.8193179741,Public
2449,51206.68827592210,Private
2450,52437.53096263590,Private
2451,55865.89024928560,Private
2452,41857.88046884980,Private
2453,35352.689457318,Private
2454,43890.26533942850,Private
2455,35651.52392074750,Private
2456,38708.07744485310,Private
2457,46497.300461963900,Private
2458,14675.518390371500,Public
2459,18142.77299531630,Public
2460,14409.575248506500,Public
2461,11999.709275615600,Public
2462,10135.240315205300,Public
2463,9819.920334762480,Public
2464,7976.704075676990,Public
2465,16093.924373221000,Public
2466,26609.32223828510,Public
2467,91123.0,Public
2468,94388.0,Public
2469,98094.0,Public
2470,74482.0,Public
2471,62906.0,Public
2472,78017.0,Public
2473,63374.0,Public
2474,73735.0,Public
2475,92736.0,Public
2476,100943.0,Private
2477,104019.0,Private
2478,108202.0,Private
2479,82509.0,Private
2480,69685.0,Private
2481,85508.0,Private
2482,69459.0,Private
2483,82927.0,Private
2484,105533.0,Private
2485,22571.43930816570,Private
2486,26041.616505927200,Private
2487,23469.15158882320,Private
2488,18449.05478034160,Private
2489,15581.694454637900,Private
2490,16089.71059411520,Private
2491,13069.65595868260,Private
2492,26163.373935367400,Private
2493,35908.672143731000,Private
2494,67985.21451906810,Public
2495,74305.42599203320,Public
2496,77536.06490847890,Public
2497,55568.451190430100,Public
2498,46931.97394230290,Public
2499,61094.15938235990,Public
2500,49629.04579788760,Public
2501,54775.409736958700,Public
2502,66939.2768970242,Public
2503,63145.65904797730,Private
2504,69956.4929162839,Private
2505,77203.07996347180,Private
2506,51608.12983984770,Private
2507,43587.00027899120,Private
2508,58380.41181833360,Private
2509,47425.833913854900,Private
2510,45415.29444775620,Private
2511,53911.89731640010,Private
2512,16258.94329989240,Private
2513,20100.342948258900,Private
2514,15964.400127407800,Private
2515,13294.429411759800,Private
2516,11228.796843123900,Private
2517,10879.560754941500,Private
2518,8837.44428291089,Private
2519,17830.35480369450,Private
2520,29480.37531207170,Private
2521,87990.0,Private
2522,92347.0,Private
2523,94106.0,Private
2524,71921.0,Private
2525,60743.0,Private
2526,73984.0,Private
2527,60100.0,Private
2528,74875.0,Private
2529,96201.0,Private
2530,80869.0,Private
2531,84218.0,Private
2532,86157.0,Private
2533,66101.0,Private
2534,55827.0,Private
2535,68107.0,Private
2536,55326.0,Private
2537,69455.0,Private
2538,90006.0,Private
2539,17034.622220734300,Public
2540,20045.79699942130,Public
2541,17204.375775372700,Public
2542,13924.228587279300,Public
2543,11760.198954532200,Public
2544,13193.015815928800,Public
2545,10717.152845862800,Public
2546,13452.3140994677,Public
2547,17847.802728929200,Public
2548,79358.48107616920,Public
2549,84531.4437466429,Public
2550,99521.11945234480,Public
2551,64862.97050362240,Public
2552,54782.23543507730,Public
2553,71824.50721395490,Public
2554,58346.532884854900,Public
2555,63604.777008568100,Public
2556,77763.83472449880,Public
2557,13687.933712107500,Public
2558,12353.609492180600,Public
2559,12313.19415751160,Public
2560,11191.238403470300,Public
2561,9452.259613190930,Public
2562,9905.215437172180,Public
2563,8046.076627488360,Public
2564,13275.710664448300,Public
2565,16875.098031023700,Public
2566,62472.75333474500,Public
2567,66546.4030257887,Public
2568,78350.29074540620,Public
2569,51061.39394784640,Public
2570,43125.54584022950,Public
2571,56534.594063286600,Public
2572,45925.81492810780,Public
2573,50070.727203365400,Public
2574,61218.06455694710,Public
2575,72672.64879000820,Public
2576,77408.69004251510,Public
2577,91130.8263404789,Public
2578,59399.11630086600,Public
2579,50166.52280837420,Public
2580,65770.69227303480,Public
2581,53428.24633501430,Public
2582,58247.232562589700,Public
2583,71213.51817225270,Public
2584,134967.23848890000,Private
2585,128408.61923605900,Private
2586,161628.93406095900,Private
2587,110307.58180242800,Private
2588,93162.46155884780,Private
2589,125485.74269033200,Private
2590,101938.60823815200,Private
2591,102190.42914929300,Private
2592,130399.38255845900,Private
2593,81585.0,Public
2594,84351.0,Public
2595,86897.0,Public
2596,66685.0,Public
2597,56321.0,Public
2598,68751.0,Public
2599,55849.0,Public
2600,67691.0,Public
2601,87203.0,Public
2602,108741.0,Private
2603,122066.0,Private
2604,117317.0,Private
2605,88882.0,Private
2606,75068.0,Private
2607,92147.0,Private
2608,74855.0,Private
2609,91076.0,Private
2610,113802.0,Private
2611,80114.0,Private
2612,83344.0,Private
2613,82969.0,Private
2614,65484.0,Private
2615,55306.0,Private
2616,64905.0,Private
2617,52725.0,Private
2618,69148.0,Private
2619,90217.0,Private
2620,81069.0,Public
2621,83495.0,Public
2622,83342.0,Public
2623,66264.0,Public
2624,55965.0,Public
2625,65350.0,Public
2626,53084.0,Public
2627,68857.0,Public
2628,89784.0,Public
2629,8219.875052759380,Public
2630,9013.750562370060,Public
2631,8482.72348133054,Public
2632,6724.616814219920,Public
2633,5680.19257919771,Public
2634,6411.12420806459,Public
2635,5206.472455613870,Public
2636,7762.900010863200,Public
2637,11595.97259397910,Public
2638,81838.0,Private
2639,85584.0,Private
2640,86603.0,Private
2641,66893.0,Private
2642,56496.0,Private
2643,67839.0,Private
2644,55108.0,Private
2645,69188.0,Private
2646,90011.0,Private
2647,26375.752565152500,Public
2648,29828.536265927400,Public
2649,28773.59120143670,Public
2650,21557.6346788073,Public
2651,18207.13293345650,Public
2652,19816.006832750400,Public
2653,16096.770370500800,Public
2654,21625.42895411160,Public
2655,30468.44808404330,Public
2656,41268.19910756100,Public
2657,47794.81598395750,Public
2658,41869.92054223760,Public
2659,33757.39676129610,Public
2660,28513.90276158440,Public
2661,34608.59904651450,Public
2662,28110.8318279449,Public
2663,34964.136734401,Public
2664,45963.00009126840,Public
2665,81700.0,Public
2666,86140.0,Public
2667,86153.0,Public
2668,66780.0,Public
2669,56401.0,Public
2670,67535.0,Public
2671,54859.0,Public
2672,69078.0,Public
2673,89693.0,Public
2674,87008.0,Public
2675,91387.0,Public
2676,92519.0,Public
2677,71118.0,Public
2678,60065.0,Public
2679,72821.0,Public
2680,59155.0,Public
2681,72472.0,Public
2682,92438.0,Public
2683,57271.51038661930,Private
2684,60281.76615846110,Private
2685,61632.25046787350,Private
2686,46813.608040056300,Private
2687,39540.43878887880,Private
2688,52104.297343207100,Private
2689,42326.11092887710,Private
2690,49645.21096266270,Private
2691,62557.42766040830,Private
2692,72592.0402931106,Private
2693,72593.20853219610,Private
2694,84163.44843471900,Private
2695,59337.19962933590,Private
2696,50116.28852769890,Private
2697,67701.79148132130,Private
2698,54993.68670954790,Private
2699,57413.109855562100,Private
2700,64386.32895674950,Private
2701,20970.86470863840,Public
2702,23827.05351506130,Public
2703,17966.819238918500,Public
2704,17140.2767575821,Public
2705,14476.23688570020,Public
2706,14680.961496419000,Public
2707,11925.994554133500,Public
2708,24608.7180931748,Public
2709,31394.805705176200,Public
2710,100989.0,Public
2711,104045.0,Public
2712,108460.0,Public
2713,82546.0,Public
2714,69717.0,Public
2715,85747.0,Public
2716,69655.0,Public
2717,82938.0,Public
2718,105334.0,Public
2719,16738.225508219000,Private
2720,19247.98740728850,Private
2721,17444.904084269200,Private
2722,13681.43629034140,Private
2723,11555.078024587200,Private
2724,13405.76025530110,Private
2725,10890.0312725908,Private
2726,12733.36499909870,Private
2727,17601.59181316080,Private
2728,79475.0,Public
2729,82258.0,Public
2730,83720.0,Public
2731,64961.0,Public
2732,54865.0,Public
2733,66387.0,Public
2734,53926.0,Public
2735,66273.0,Public
2736,86231.0,Public
2737,75641.14430619470,Private
2738,78937.915005399,Private
2739,85277.94852226000,Private
2740,61831.390076820400,Private
2741,52222.62359880640,Private
2742,69979.85769799340,Private
2743,56844.17742093690,Private
2744,55274.06409006140,Private
2745,67754.36224016760,Private
2746,44049.27063768130,Private
2747,46776.66539945970,Private
2748,47965.409186051000,Private
2749,36007.65364262940,Private
2750,30411.70466559670,Private
2751,38108.94813499090,Private
2752,30957.0665466085,Private
2753,34109.981610858300,Private
2754,42420.91034204420,Private
2755,84164.0,Private
2756,87853.0,Private
2757,92855.0,Private
2758,68794.0,Private
2759,58102.0,Private
2760,74450.0,Private
2761,60476.0,Private
2762,68510.0,Private
2763,87431.0,Private
2764,24432.21863555090,Public
2765,27101.22202286930,Public
2766,24035.855309172700,Public
2767,19971.98055061530,Public
2768,16868.133519383400,Public
2769,17617.563125010500,Public
2770,14311.30641239020,Public
2771,26860.867216122900,Public
2772,34797.87424131050,Public
2773,47472.57286087470,Public
2774,50467.128513167800,Public
2775,51719.54685915280,Public
2776,38805.992277476900,Public
2777,32775.16409693950,Public
2778,41020.95487693370,Public
2779,33320.69613978830,Public
2780,36733.5027808774,Public
2781,45710.1454571265,Public
2782,92861.0,Private
2783,101844.0,Private
2784,97714.0,Private
2785,75902.0,Private
2786,64106.0,Private
2787,75977.0,Private
2788,61716.0,Private
2789,81080.0,Private
2790,104273.0,Private